0x807110,Class Name,Class Description,Class Number,Default Promotion,Map Sprite# (standing),Walking Speed,Default Portrait,***UNKNOWN***,Base HP,Base STR,Base SKL,Base SPD,Base DEF,Base MDF,Base CON,Base MOV,Max HP,Max STR/MGC,Max SKL,Max SPD,Max DEF,Max MDF,Max CON,Class Relative Power,HP Growth,STR/MGC Growth,SKL Growth,SPD Growth,DEF Growth,MDF Growth,LUK Growth,HP Promotion Bonus,STR/MGC Promotion Bonus,SKL Promotion Bonus,SPD Promotion Bonus,DEF Promotion Bonus,MDF Promotion Bonus,Class Ability 1,Class Ability 2,Class Ability 3,Class Ability 4,Base Sword Level,Base Lance Level,Base Axe Level,Base Bow Level,Base Staff Level,Base Anima Level,Base Light Level,Base Dark Level,Battle Animation Pointer,Movement Type Pointer,Movement Cost(rain) Pointer,Movement Cost(snow) Pointer,Terrain avoid bonus,Terrain defence bonus,Terrain resistance bonus,***UNKNOWN*** Pointer
None,0x0,0x0,0x0,0x0,0x0,0,0x0,0x0,0,0,0,0,0,0,0,0,0,0,0,0,0,0,0,0,5,5,5,5,5,42,5,37,0,0,65,0,0,0x2,0x0,0x0,0x1,0,0,0,0,0,0,0,0,0x1f,0x0,0x231e143c,0x190f0f,0x0,0x0,0x0,0x0
Sibyl,Sibyl_Name,Sibyl_Desc,0x1,0x3,0x0,0,0x8b,0x1,18,6,6,7,6,0,8,5,60,20,20,20,20,20,20,3,95,50,45,50,20,20,45,0,0,0,0,0,0,0x0,0x0,0x0,0x20,0,0,0,0,31,0,0,0,SibylAnim|IsPointer,0x880b808,0x880bc59,0x880c069,0x880c479,0x880c4ba,0x880c4fb,0x0
Hobelar,Hobelar_Name,Hobelar_Desc,0x2,0x4,0x1,0,0x8b,0x1,18,6,6,7,6,0,8,7,60,20,20,20,20,20,20,3,95,50,45,50,20,25,45,0,0,0,0,0,0,0x3,0x24,0x0,0x0,1,1,0,0,0,0,0,0,ConallAnim|IsPointer,0x880ba92,0x880bee3,0x880c2f3,0x880c479,0x880c4ba,0x880c4fb,0x0
Theurge,Theurge_Name,Theurge_Desc,0x3,0x1,0x2,0,0x8b,0x2,18,3,3,4,5,0,10,7,60,27,26,24,23,23,25,3,95,50,45,50,20,20,45,4,2,3,2,2,5,0x3,0x5,0x0,0x20,0,71,0,0,0,0,0,0,0x88aeff0,0x880bad3,0x880bf24,0x880c334,0x880c479,0x880c4ba,0x880c4fb,0x0
Dracolord,Dracolord_Name,Dracolord_Desc,0x4,0x2,0x3,0,0x8b,0x2,18,3,3,4,5,0,7,7,60,24,29,30,22,25,25,3,95,50,45,50,20,25,45,4,2,2,1,3,5,0x3,0x5,0x2,0x10,71,0,0,0,0,0,0,0,0x88aeffc,0x880bad3,0x880bf24,0x880c334,0x880c479,0x880c4ba,0x880c4fb,0x0
Lnc. Cav,Lcav_Name,Lcav_Desc,0x5,0x7,0x4,0,0x80,0x20,20,5,2,5,4,1,9,7,60,20,20,20,20,20,25,3,80,40,45,33,20,20,35,0,0,0,0,0,0,0x3,0x4,0x0,0x0,0,31,0,0,0,0,0,0,CavalierMAnim|IsPointer,0x880ba92,0x880bee3,0x880c2f3,0x880c479,0x880c4ba,0x880c4fb,0x0
Lnc. Cav (F),Lcav_Name,Lcav_Desc,0x6,0x8,0x63,0,0x80,0x20,18,5,3,4,4,2,9,7,60,20,20,20,20,20,25,3,80,40,45,33,20,20,35,1,0,2,2,0,2,0x3,0x4,0x0,0x0,0,31,0,0,0,0,0,0,CavalierFAnim|IsPointer,0x880ba92,0x880bee3,0x880c2f3,0x880c479,0x880c4ba,0x880c4fb,0x0
Gold Knight,GoldKnight_Name,GoldKnight_Desc,0x7,0x5,0x5,0,0x81,0x21,23,7,4,7,8,3,11,8,60,25,26,24,25,25,25,3,75,30,35,23,17,25,30,2,1,1,1,2,1,0x3,0x5,0x0,0x0,31,0,31,0,0,0,0,0,GoldKnightAnim|IsPointer,0x880bad3,0x880bf24,0x880c334,0x880c479,0x880c4ba,0x880c4fb,0x0
Silver Knight,SilverKnight_Name,SilverKnight_Desc,0x8,0x6,0x62,0,0x81,0x21,23,6,6,11,7,6,9,8,60,23,27,25,24,26,25,3,75,30,40,30,17,30,30,1,1,1,2,1,2,0x3,0x5,0x0,0x0,0,31,0,31,0,0,0,0,0x88af038,0x880bad3,0x880bf24,0x880c334,0x880c479,0x880c4ba,0x880c4fb,0x0
Lance Knight,Lknight_Name,Lknight_Desc,0x9,0xb,0x6,1,0x76,0xc,17,5,2,0,9,0,13,5,60,20,20,20,20,20,20,3,85,45,35,20,33,25,30,0,0,0,0,0,0,0x0,0x0,0x0,0x0,0,31,0,0,0,0,0,0,KnightAnim|IsPointer,0x880b88a,0x880bcdb,0x880c0eb,0x880c479,0x880c4ba,0x880c4fb,0x0
Lance Knight (F),Lknight_Name,Lknight_Desc,0xa,0xc,0x6,1,0x76,0xc,16,4,3,1,8,1,10,5,60,20,20,20,20,20,20,3,85,45,35,20,33,25,30,2,1,1,1,2,0,0x0,0x0,0x0,0x0,0,31,0,0,0,0,0,0,KnightAnim|IsPointer,0x880b88a,0x880bcdb,0x880c0eb,0x880c479,0x880c4ba,0x880c4fb,0x0
General,0x2c4,General_Desc,0xb,0x9,0x7,1,0x77,0xd,24,8,4,3,13,3,15,6,60,29,27,24,30,25,25,3,80,35,25,15,28,30,25,4,2,2,3,2,3,0x0,0x1,0x0,0x0,1,71,1,0,0,0,0,0,0x88af060,0x880b88a,0x880bcdb,0x880c0eb,0x880c479,0x880c4ba,0x880c4fb,0x0
General (F),0x2c4,General_Desc,0xc,0xa,0x7,1,0x77,0xd,23,8,5,5,11,4,11,6,60,27,28,25,29,26,25,3,80,35,30,15,28,30,25,3,2,3,2,3,3,0x0,0x1,0x0,0x0,1,71,1,0,0,0,0,0,0x88af080,0x880b88a,0x880bcdb,0x880c0eb,0x880c479,0x880c4ba,0x880c4fb,0x0
Thief,0x2c5,0x311,0xd,0x17,0x8,0,0x8e,0x7,16,3,1,9,2,0,6,6,60,20,20,20,20,20,20,2,55,10,50,45,10,25,45,0,0,0,0,0,0,0x0,0x0,0x0,0x0,1,0,0,0,0,0,0,0,0x88af0a0,0x880b9cf,0x880be20,0x880c230,0x880c479,0x880c4ba,0x880c4fb,0x0
Manakete,0x2d7,0x323,0xe,0x1f,0x9,0,0x8f,0x1f,12,0,0,2,2,2,5,8,60,20,20,20,20,20,20,2,100,45,35,25,5,15,30,0,0,0,0,0,0,0x0,0x0,0x4,0x0,0,0,0,0,0,0,0,0,0x88af0ac,0x880bb96,0x880bfe7,0x880c3f7,0x880c53c,0x880c57d,0x880c5be,0x0
Mercenary,0x2c6,0x312,0xf,0x11,0xa,0,0x90,0x3,18,4,8,8,4,0,9,5,60,20,20,20,20,20,20,3,85,45,30,30,23,25,35,0,0,0,0,0,0,0x0,0x0,0x0,0x0,31,0,0,0,0,0,0,0,0x88af0b8,0x880b849,0x880bc9a,0x880c0aa,0x880c479,0x880c4ba,0x880c4fb,0x0
Vagabond,Vagabond_Name,Vagabond_Desc,0x10,0x12,0xb,0,0x90,0x3,16,3,5,6,2,0,8,5,60,20,20,20,20,20,20,3,85,45,30,30,23,35,35,0,0,0,0,0,0,0x0,0x0,0x0,0x0,31,0,0,0,0,0,0,0,0x88af0c4,0x880b849,0x880bc9a,0x880c0aa,0x880c479,0x880c4ba,0x880c4fb,0x0
Hero,0x2c7,0x313,0x11,0xf,0xc,0,0x91,0x4,22,6,9,10,8,2,11,6,60,25,30,26,25,22,25,3,80,35,35,25,25,25,30,4,1,2,2,2,2,0x0,0x1,0x0,0x0,71,0,31,0,0,0,0,0,0x88af0d0,0x880b808,0x880bc59,0x880c069,0x880c479,0x880c4ba,0x880c4fb,0x0
Hero (F),0x2c5,0x311,0x12,0x10,0xd,0,0x91,0x4,22,6,10,11,6,3,9,6,60,24,30,26,24,24,25,3,80,35,35,25,25,25,30,0,0,0,0,0,0,0x0,0x1,0x0,0x0,71,0,31,0,0,0,0,0,0x88af0ec,0x880b808,0x880bc59,0x880c069,0x880c479,0x880c4ba,0x880c4fb,0x0
Myrmidon,0x2c8,0x314,0x13,0x15,0xe,0,0x72,0x5,16,4,9,9,2,0,8,5,60,20,20,20,20,20,20,3,75,40,45,45,20,25,35,0,0,0,0,0,0,0x0,0x0,0x2,0x0,31,0,0,0,0,0,0,0,0x88af108,0x880b849,0x880bc9a,0x880c0aa,0x880c479,0x880c4ba,0x880c4fb,0x0
Myrmidon (F),0x2c8,0x314,0x14,0x16,0xf,0,0x72,0x5,15,3,9,10,1,1,5,5,60,20,20,20,20,20,20,3,75,40,45,45,20,25,35,0,0,0,0,0,0,0x0,0x0,0x2,0x0,31,0,0,0,0,0,0,0,0x88af114,0x880b849,0x880bc9a,0x880c0aa,0x880c479,0x880c4ba,0x880c4fb,0x0
Swordmaster,0x2c9,0x315,0x15,0x13,0x10,0,0x73,0x6,21,6,11,10,5,2,9,6,60,24,29,30,22,23,20,3,70,30,35,35,20,27,30,5,2,0,0,2,1,0x40,0x1,0x2,0x0,71,0,0,0,0,0,0,0,0x88af120,0x880b808,0x880bc59,0x880c069,0x880c479,0x880c4ba,0x880c4fb,0x0
Swordmaster (F),0x2c9,0x315,0x16,0x14,0x11,0,0x73,0x6,19,6,11,12,4,3,7,6,60,22,29,30,22,25,20,3,70,30,35,35,20,27,30,4,2,1,0,2,1,0x40,0x1,0x2,0x0,71,0,0,0,0,0,0,0,0x88af12c,0x880b808,0x880bc59,0x880c069,0x880c479,0x880c4ba,0x880c4fb,0x0
Assassin,0x2ca,Assassin_Desc,0x17,0xd,0x12,0,0x8e,0x8,16,3,1,9,2,0,8,6,60,20,30,30,20,20,20,3,55,10,50,45,10,25,45,3,1,0,0,2,2,0x8,0x1,0x2,0x2,31,0,0,0,0,0,0,0,AssassinMAnim|IsPointer,0x880b9cf,0x880be20,0x880c230,0x880c479,0x880c4ba,0x880c4fb,0x0
Assassin (F),0x2ca,Assassin_Desc,0x18,0xd,0x13,0,0x8e,0x8,16,3,1,9,2,0,6,6,60,20,30,30,20,20,20,3,55,10,50,45,10,25,45,2,1,1,1,2,1,0x8,0x1,0x2,0x2,31,0,0,0,0,0,0,0,AssassinFAnim|IsPointer,0x880b9cf,0x880be20,0x880c230,0x880c479,0x880c4ba,0x880c4fb,0x0
Archer,0x2cb,0x317,0x19,0x1b,0x14,0,0x78,0xa,18,4,3,3,3,0,7,5,60,20,20,20,20,20,20,3,75,40,45,37,20,20,40,0,0,0,0,0,0,0x80,0x0,0x0,0x0,0,0,0,31,0,0,0,0,0x88af150,0x880b849,0x880bc9a,0x880c0aa,0x880c479,0x880c4ba,0x880c4fb,0x0
Archer (F),0x2cb,0x317,0x1a,0x1c,0x15,0,0x78,0xa,17,3,3,4,3,0,5,5,60,20,20,20,20,20,20,3,75,40,45,37,20,25,40,0,0,0,0,0,0,0x80,0x0,0x0,0x0,0,0,0,31,0,0,0,0,0x88af168,0x880b849,0x880bc9a,0x880c0aa,0x880c479,0x880c4ba,0x880c4fb,0x0
Sniper,0x2cc,Sniper_Desc,0x1b,0x19,0x16,0,0x79,0xb,21,7,6,5,5,2,8,6,60,25,30,28,25,23,20,3,70,35,35,25,20,25,35,3,1,2,2,2,3,0x80,0x1,0x0,0x0,0,0,0,71,0,0,0,0,0x88af180,0x880b808,0x880bc59,0x880c069,0x880c479,0x880c4ba,0x880c4fb,0x0
Sniper (F),0x2cc,Sniper_Desc,0x1c,0x1a,0x17,0,0x79,0xb,19,6,6,7,5,3,6,6,60,24,30,29,24,24,20,3,70,35,35,25,20,30,35,4,3,1,1,2,2,0x80,0x1,0x0,0x0,0,0,0,71,0,0,0,0,0x88af198,0x880b808,0x880bc59,0x880c069,0x880c479,0x880c4ba,0x880c4fb,0x0
Ranger,0x2cd,0x319,0x1d,0x19,0x18,0,0x97,0xc,21,7,6,7,6,3,9,7,60,25,28,30,24,23,25,3,65,30,35,40,20,20,30,3,2,1,1,3,3,0x3,0x5,0x0,0x0,31,0,0,31,0,0,0,0,0x88af1b0,0x880bb55,0x880bfa6,0x880c3b6,0x880c479,0x880c4ba,0x880c4fb,0x0
Ranger (F),0x2cd,0x319,0x1e,0x1a,0x18,0,0x97,0xc,21,6,6,7,5,4,8,7,60,23,28,30,22,25,25,3,65,30,35,40,20,25,30,2,2,2,1,3,3,0x3,0x5,0x0,0x0,31,0,0,31,0,0,0,0,0x88af1c0,0x880bb55,0x880bfa6,0x880c3b6,0x880c479,0x880c4ba,0x880c4fb,0x0
Wyvern Rider,0x2ce,Wrider_Desc,0x1f,0x21,0x19,0,0x88,0xd,20,7,3,5,8,0,10,7,60,20,20,20,20,20,25,3,85,50,40,35,30,20,30,0,0,0,0,0,0,0x3,0x8,0x0,0x0,0,0,31,0,0,0,0,0,WyvernRiderAnim|IsPointer,0x880bb96,0x880bfe7,0x880c3f7,0x880c53c,0x880c57d,0x880c5be,0x0
Wyvern Rider (F),0x2ce,Wrider_Desc,0x20,0x22,0x19,0,0x88,0xd,19,6,5,5,7,0,9,7,60,20,20,20,20,20,25,3,85,50,40,35,30,22,30,0,0,0,0,0,0,0x3,0x8,0x0,0x0,0,0,31,0,0,0,0,0,WyvernRiderAnim|IsPointer,0x880bb96,0x880bfe7,0x880c3f7,0x880c53c,0x880c57d,0x880c5be,0x0
Wyvern Lord,0x2cf,WyvernLord_Desc,0x21,0x1f,0x1b,0,0x89,0xe,25,9,5,7,10,1,11,8,60,27,25,23,28,22,25,3,80,45,35,25,25,22,25,4,2,2,0,2,0,0x3,0x9,0x40,0x0,31,71,0,0,0,0,0,0,WyvernLordAnim|IsPointer,0x880bb96,0x880bfe7,0x880c3f7,0x880c53c,0x880c57d,0x880c5be,0x0
Wyvern Lord (F),0x2cf,WyvernLord_Desc,0x22,0x20,0x1b,0,0x89,0xe,24,8,7,7,9,2,10,8,60,25,26,24,27,23,25,3,80,45,35,25,25,22,25,0,0,0,0,0,0,0x3,0x9,0x40,0x0,31,71,0,0,0,0,0,0,WyvernLordAnim|IsPointer,0x880bb96,0x880bfe7,0x880c3f7,0x880c53c,0x880c57d,0x880c5be,0x0
Wyvern Knight,0x2d0,WyvernKnight_Desc,0x23,0x1f,0x1d,0,0x93,0xf,20,7,7,8,7,1,10,8,60,25,26,28,24,22,25,3,70,40,35,35,20,22,30,3,1,2,3,0,1,0x3,0x9,0x0,0x0,0,71,0,0,0,0,0,0,WyvernKnightAnim|IsPointer,0x880bb96,0x880bfe7,0x880c3f7,0x880c53c,0x880c57d,0x880c5be,0x0
Wyvern Knight (F),0x2d0,WyvernKnight_Desc,0x24,0x20,0x1d,0,0x93,0xf,19,6,8,9,6,2,9,8,60,24,27,29,23,23,25,3,70,40,35,35,20,25,30,3,2,1,2,1,1,0x3,0x9,0x0,0x0,0,71,0,0,0,0,0,0,WyvernKnightAnim|IsPointer,0x880bb96,0x880bfe7,0x880c3f7,0x880c53c,0x880c57d,0x880c5be,0x0
Mage,Diabolist_Name,Diabolist_Desc,0x25,0x27,0x1e,0,0x7c,0x12,16,1,3,4,2,2,7,5,60,20,20,20,20,20,20,3,60,30,50,40,15,20,25,1,0,1,2,1,2,0xc,0x0,0x0,0x0,0,0,0,0,0,31,0,0,0x88af220,0x880ba10,0x880be61,0x880c271,0x880c479,0x880c4ba,0x880c4fb,0x0
Mage (F),Diabolist_Name,Diabolist_Desc,0x26,0x28,0x1f,0,0x7c,0x12,16,1,3,3,1,3,4,5,60,20,20,20,20,20,20,3,60,30,45,40,15,25,25,0,0,0,0,0,0,0xc,0x0,0x0,0x0,0,0,0,0,0,31,0,0,0x88af234,0x880ba10,0x880be61,0x880c271,0x880c479,0x880c4ba,0x880c4fb,0x0
Sage,0x2d2,0x31e,0x27,0x25,0x20,0,0x7d,0x13,20,4,4,4,5,5,7,6,60,28,30,26,21,25,20,3,50,25,35,30,15,45,20,4,1,0,0,3,3,0x0,0x1,0x0,0x0,0,0,0,0,31,71,31,0,0x88af248,0x880ba10,0x880be61,0x880c271,0x880c479,0x880c4ba,0x880c4fb,0x0
Sage (F),0x2d2,0x31e,0x28,0x26,0x21,0,0x7d,0x13,19,3,6,5,3,6,4,6,60,30,28,26,21,25,20,3,50,25,35,30,15,45,20,3,1,1,0,3,3,0x0,0x1,0x0,0x0,0,0,0,0,31,71,31,0,0x88af260,0x880ba10,0x880be61,0x880c271,0x880c479,0x880c4ba,0x880c4fb,0x0
Mage Knight,0x2d3,MageKnight_Desc,0x29,0x25,0x22,0,0x95,0x14,20,3,3,5,5,5,8,7,60,24,26,25,24,25,25,3,50,45,35,45,15,45,35,4,2,0,0,2,2,0x3,0x5,0x0,0x0,0,0,0,0,31,71,0,0,0x88af278,0x880bad3,0x880bf24,0x880c334,0x880c479,0x880c4ba,0x880c4fb,0x0
Mage Knight (F),0x2d3,MageKnight_Desc,0x2a,0x26,0x23,0,0x95,0x14,19,2,5,6,3,6,6,7,60,25,24,25,24,28,25,3,50,45,35,45,15,45,45,3,2,1,0,2,2,0x3,0x5,0x0,0x0,0,0,0,0,31,71,0,0,0x88af290,0x880bad3,0x880bf24,0x880c334,0x880c479,0x880c4ba,0x880c4fb,0x0
Bishop,0x2d4,Bishop_Desc,0x2b,0x45,0x24,0,0x7b,0x18,21,3,4,4,3,8,7,6,60,25,26,24,22,30,20,3,50,20,30,27,13,45,45,3,2,1,0,3,2,0x0,0x1,0x0,0x0,0,0,0,0,71,0,31,0,0x88af2a8,0x880ba10,0x880be61,0x880c271,0x880c479,0x880c4ba,0x880c4fb,0x880c6c2
Bishop (F),0x2d4,Bishop_Desc,0x2c,0x4a,0x25,0,0x7b,0x18,19,3,5,4,2,9,5,6,60,25,25,26,21,30,20,3,50,20,30,27,13,55,45,3,1,2,1,2,2,0x0,0x1,0x0,0x0,0,0,0,0,71,0,31,0,0x88af2c0,0x880ba10,0x880be61,0x880c271,0x880c479,0x880c4ba,0x880c4fb,0x880c6c2
Shaman,Mystic_Name,Mystic_Desc,0x2d,0x2f,0x26,1,0x7e,0x1b,16,0,1,2,4,2,7,5,60,20,20,20,20,20,20,3,55,27,37,35,35,15,25,1,2,0,1,1,2,0x0,0x0,0x0,0x0,0,0,0,0,0,0,0,31,0x88af2d8,0x880ba10,0x880be61,0x880c271,0x880c479,0x880c4ba,0x880c4fb,0x0
Shaman (F),Mystic_Name,Mystic_Desc,0x2e,0x30,0x69,1,0x7e,0x1b,15,1,1,1,5,1,3,5,60,20,20,20,20,20,20,3,55,25,37,35,40,15,25,0,0,0,0,0,0,0x0,0x0,0x0,0x0,0,0,0,0,0,0,0,31,0x88af2ec,0x880ba10,0x880be61,0x880c271,0x880c479,0x880c4ba,0x880c4fb,0x0
Druid,0x2e2,0x32d,0x2f,0x2d,0x27,1,0x7f,0x1c,19,3,3,4,4,6,8,6,60,29,26,26,21,28,20,3,50,30,35,30,15,40,25,4,0,0,3,2,2,0x0,0x1,0x0,0x0,0,0,0,0,1,31,0,71,0x88af300,0x880ba10,0x880be61,0x880c271,0x880c479,0x880c4ba,0x880c4fb,0x0
Druid (F),0x2e2,0x32d,0x30,0x2e,0x6a,1,0x7f,0x1c,17,4,3,4,3,7,4,6,60,29,26,26,20,29,20,3,50,30,35,30,15,40,25,0,0,0,0,0,0,0x0,0x1,0x0,0x0,0,0,0,0,1,31,0,71,0x88af318,0x880ba10,0x880be61,0x880c271,0x880c479,0x880c4ba,0x880c4fb,0x0
Summoner,0x2e3,Summoner_Desc,0x31,0x2d,0x28,0,0x7f,0x1d,18,3,3,4,3,5,8,6,60,27,27,26,20,28,20,3,50,40,35,30,13,40,25,3,0,1,3,1,3,0x0,0x1,0x0,0x8,0,0,0,0,1,0,0,71,0x88af330,0x880ba10,0x880be61,0x880c271,0x880c479,0x880c4ba,0x880c4fb,0x0
Summoner (F),0x2e3,Summoner_Desc,0x32,0x2e,0x28,0,0x7f,0x1d,18,3,3,4,3,5,4,6,60,27,27,26,20,28,20,3,50,40,35,30,13,40,25,0,0,0,0,0,0,0x0,0x1,0x0,0x8,0,0,0,0,1,0,0,71,0x88af348,0x880ba10,0x880be61,0x880c271,0x880c479,0x880c4ba,0x880c4fb,0x0
Rogue,Trickster_Name,Trickster_Desc,0x33,0xd,0x29,0,0x94,0x9,16,3,1,9,2,0,7,6,60,20,30,30,20,20,20,3,55,15,50,40,10,25,45,2,1,1,0,2,2,0xc,0x1,0x0,0x0,1,0,0,0,0,0,0,0,0x88af360,0x880b9cf,0x880be20,0x880c230,0x880c479,0x880c4ba,0x880c4fb,0x0
Gorgon Egg,0x300,0x34c,0x34,0x0,0x2a,0,0xa6,0x0,50,0,0,0,10,10,6,0,60,30,30,30,30,30,30,3,105,5,5,5,5,5,5,0,0,0,0,0,0,0x0,0x0,0x0,0x0,0,0,0,0,0,0,0,0,0x0,0x0,0x0,0x0,0x880c479,0x880c4ba,0x880c4fb,0x0
Great Knight,0x2e0,0x32b,0x35,0x9,0x2b,1,0x96,0x22,22,8,4,6,11,3,13,7,60,28,24,24,29,25,25,3,75,35,25,20,26,25,25,3,2,1,2,2,1,0x3,0x5,0x0,0x0,1,31,31,0,0,0,0,0,0x88af36c,0x880bad3,0x880bf24,0x880c334,0x880c479,0x880c4ba,0x880c4fb,0x0
Great Knight (F),0x2e0,0x32b,0x36,0xa,0x2b,1,0x96,0x22,21,6,6,7,9,3,10,7,60,26,26,25,28,26,25,3,75,35,30,25,26,27,25,3,1,1,2,2,2,0x3,0x5,0x0,0x0,1,31,31,0,0,0,0,0,0x88af38c,0x880bad3,0x880bf24,0x880c334,0x880c479,0x880c4ba,0x880c4fb,0x0
Swd. Cav,Scav_Name,Scav_Desc,0x37,0x3a,0x2c,0,0x80,0x20,19,5,2,6,4,0,9,7,60,20,20,20,20,20,25,3,80,40,45,33,20,20,35,0,0,0,0,0,0,0x3,0x4,0x0,0x0,31,0,0,0,0,0,0,0,CavalierMAnim|IsPointer,0x880ba92,0x880bee3,0x880c2f3,0x880c479,0x880c4ba,0x880c4fb,0x0
Swd. Cav (F),Scav_Name,Scav_Desc,0x38,0x7e,0x66,0,0x80,0x20,17,5,4,5,4,1,9,7,60,20,20,20,20,20,25,3,80,40,45,33,20,20,35,0,0,0,0,0,0,0x3,0x4,0x0,0x0,31,0,0,0,0,0,0,0,CavalierFAnim|IsPointer,0x880ba92,0x880bee3,0x880c2f3,0x880c479,0x880c4ba,0x880c4fb,0x0
Axe Cav,Acav_Name,Acav_Desc,0x39,0x7f,0x2d,0,0x80,0x20,20,6,1,4,4,0,11,7,60,20,20,20,20,20,25,3,80,40,45,33,20,20,35,0,0,0,0,0,0,0x3,0x4,0x0,0x0,0,0,31,0,0,0,0,0,CavalierMAnim|IsPointer,0x880ba92,0x880bee3,0x880c2f3,0x880c479,0x880c4ba,0x880c4fb,0x0
Bow Cav,Bcav_Name,Bcav_Desc,0x3a,0x37,0x2e,0,0x80,0x20,17,5,3,3,3,0,9,7,60,20,20,20,20,20,25,3,80,40,45,33,20,20,35,0,0,0,0,0,0,0x3,0x4,0x0,0x0,0,0,0,31,0,0,0,0,BowCavalierAnim|IsPointer,0x880ba92,0x880bee3,0x880c2f3,0x880c479,0x880c4ba,0x880c4fb,0x0
Soldier (F),0x2ed,Soldier_Desc,0x3b,0x1f,0x2f,0,0x8a,0x0,20,2,1,1,0,1,4,5,60,20,20,20,20,20,20,3,85,55,35,25,17,20,30,0,0,0,0,0,0,0x0,0x0,0x0,0x0,0,1,0,0,0,0,0,0,SoldierFAnim|IsPointer,0x880b849,0x880bc9a,0x880c0aa,0x880c479,0x880c4ba,0x880c4fb,0x0
Arbalest,Arbalest_Name,Arbalest_Desc,0x3c,0x20,0x30,0,0x8f,0x1f,12,0,0,2,2,2,5,6,60,20,20,20,20,20,20,2,100,45,35,25,5,15,30,0,0,0,0,0,0,0x0,0x0,0x4,0x0,0,0,0,0,0,0,0,0,0x88af3fc,0x880bb96,0x880bfe7,0x880c3f7,0x880c53c,0x880c57d,0x880c5be,0x0
Arbalest (F),Arbalest_Name,Arbalest_Desc,0x3d,0x0,0x2d,0,0x74,0x27,14,3,0,1,1,0,8,4,60,20,20,20,20,20,20,1,90,60,45,37,23,25,45,0,0,0,0,0,0,0x0,0x0,0x8,0x0,0,0,1,0,0,0,0,0,0x88af408,0x880b8cb,0x880bd1c,0x880c12c,0x880c479,0x880c4ba,0x880c4fb,0x0
Rogue (F),Trickster_Name,Trickster_Desc,0x3e,0x0,0x2e,0,0x7c,0x29,13,1,0,1,0,3,5,4,60,20,20,20,20,20,20,1,60,60,45,40,15,35,45,0,0,0,0,0,0,0x0,0x0,0x8,0x0,0,0,0,0,0,1,0,0,0x88af420,0x880ba10,0x880be61,0x880c271,0x880c479,0x880c4ba,0x880c4fb,0x0
Fighter,Woodsman_Name,0x327,0x3f,0x40,0x31,0,0x74,0x23,20,5,2,4,2,0,11,5,60,20,20,20,20,20,20,3,90,60,40,35,20,20,20,2,2,1,0,0,1,0x0,0x0,0x0,0x0,0,0,31,0,0,0,0,0,0x88af434,0x880b8cb,0x880bd1c,0x880c12c,0x880c479,0x880c4ba,0x880c4fb,0x0
Warrior,0x2dd,0x328,0x40,0x3f,0x32,0,0x75,0x25,28,8,5,6,5,0,13,6,60,30,28,26,26,22,25,3,85,50,30,25,21,22,20,3,1,2,0,0,3,0x0,0x1,0x0,0x0,0,0,71,1,0,0,0,0,0x88af44c,0x880b8cb,0x880bd1c,0x880c12c,0x880c479,0x880c4ba,0x880c4fb,0x0
Brigand,0x2de,0x329,0x41,0x43,0x33,0,0x8b,0x0,20,5,1,5,3,0,12,5,60,20,20,20,20,20,20,3,87,55,35,25,15,18,20,2,1,1,0,0,1,0x0,0x0,0x0,0x0,0,0,31,0,0,0,0,0,0x88af468,0x880b94d,0x880bd9e,0x880c1ae,0x880c479,0x880c4ba,0x880c4fb,0x880c5ff
Pirate,0x2ee,0x33a,0x42,0x43,0x34,0,0x8c,0x24,19,4,2,6,3,0,10,5,60,20,20,20,20,20,20,3,80,55,40,30,15,18,20,2,2,0,1,0,0,0x0,0x0,0x0,0x0,0,0,31,0,0,0,0,0,0x88af480,0x880b98e,0x880bddf,0x880c1ef,0x880c479,0x880c4ba,0x880c4fb,0x880c640
Berserker,0x2df,0x32a,0x43,0x42,0x35,0,0x8d,0x26,24,7,6,7,6,0,13,6,60,30,29,28,23,21,25,3,80,55,40,30,15,18,20,4,1,1,1,0,2,0x40,0x1,0x0,0x0,0,0,71,0,0,0,0,0,0x88af498,0x880b90c,0x880bd5d,0x880c16d,0x880c479,0x880c4ba,0x880c4fb,0x880c681
Monk,Diviner_Name,Diviner_Desc,0x44,0x0,0x36,0,0x7a,0x17,18,0,2,4,2,6,7,5,60,20,20,20,20,20,20,3,55,17,40,37,15,45,50,0,0,0,0,0,0,0x0,0x0,0x0,0x0,0,0,0,0,0,0,1,0,0x88af4b0,0x880ba10,0x880be61,0x880c271,0x880c479,0x880c4ba,0x880c4fb,0x880c6c2
Priest,0x2e6,0x330,0x45,0x27,0x37,0,0x7a,0x15,18,1,1,2,1,5,5,5,60,20,20,20,20,20,20,2,55,35,40,37,15,55,50,0,0,0,0,0,0,0x0,0x0,0x0,0x0,0,0,0,0,31,0,0,0,0x88af4c4,0x880ba10,0x880be61,0x880c271,0x880c479,0x880c4ba,0x880c4fb,0x880c6c2
War Monk,WarMonk_Name,WarMonk_Desc,0x46,0x0,0x38,0,0x8b,0x0,14,1,2,7,1,0,6,5,60,10,10,30,24,26,20,2,50,50,35,65,5,18,75,0,0,0,0,0,0,0x20,0x0,0x0,0x0,0,0,0,0,0,0,0,0,WarMonkAnim|IsPointer,0x880b849,0x880bc9a,0x880c0aa,0x880c479,0x880c4ba,0x880c4fb,0x0
War Cleric,WarCleric_Name,WarMonk_Desc,0x47,0x0,0x1a,0,0x8a,0x28,13,3,0,1,0,1,6,4,60,20,20,20,20,20,20,1,80,50,45,45,30,40,45,0,0,0,0,0,0,0x0,0x0,0x8,0x0,0,1,0,0,0,0,0,0,WarClericAnim|IsPointer,0x880b849,0x880bc9a,0x880c0aa,0x880c479,0x880c4ba,0x880c4fb,0x0
Pegasus Knight,SkyKnight_Name,0x333,0x48,0x49,0x39,0,0x86,0x10,14,4,5,5,3,2,5,7,60,20,20,20,20,20,25,3,70,40,45,45,17,40,40,0,0,0,0,0,0,0x3,0x10,0x0,0x0,0,31,0,0,0,0,0,0,0x88af4dc,0x880bb96,0x880bfe7,0x880c3f7,0x880c53c,0x880c57d,0x880c5be,0x0
Falcon Knight,Crownflier_Name,0x334,0x49,0x48,0x3a,0,0x87,0x11,20,6,7,7,5,4,6,8,60,23,25,28,23,26,25,3,65,35,35,35,17,35,35,5,2,0,2,0,2,0x3,0x11,0x40,0x0,1,71,0,0,0,0,0,0,0x88af4e8,0x880bb96,0x880bfe7,0x880c3f7,0x880c53c,0x880c57d,0x880c5be,0x0
Cleric,0x2e9,0x335,0x4a,0x2c,0x3b,0,0x7a,0x16,16,1,2,2,0,6,4,5,60,20,20,20,20,20,20,2,55,35,40,37,13,55,50,0,0,0,0,0,0,0x0,0x0,0x0,0x0,0,0,0,0,31,0,0,0,0x88af4f8,0x880ba10,0x880be61,0x880c271,0x880c479,0x880c4ba,0x880c4fb,0x880c6c2
Troubadour,0x2ea,0x336,0x4b,0x4c,0x3c,0,0x82,0x19,15,1,1,3,2,5,5,6,60,20,20,20,20,20,25,2,55,30,40,60,17,45,50,0,0,0,0,0,0,0x3,0x4,0x0,0x0,0,0,0,0,31,0,0,0,0x88af504,0x880ba92,0x880bee3,0x880c2f3,0x880c479,0x880c4ba,0x880c4fb,0x0
Valkyrie,0x2eb,0x337,0x4c,0x4b,0x3d,0,0x83,0x1a,19,3,3,5,4,8,6,7,60,25,24,25,24,28,25,3,50,40,30,50,15,45,45,3,2,1,0,0,3,0x3,0x5,0x0,0x0,0,0,0,0,31,0,31,0,0x88af510,0x880bad3,0x880bf24,0x880c334,0x880c479,0x880c4ba,0x880c4fb,0x0
Dancer,0x2ec,0x338,0x4d,0x0,0x3e,0,0x8b,0x2a,14,1,2,7,0,1,4,5,60,10,10,30,24,26,20,2,50,50,35,65,5,18,75,0,0,0,0,0,0,0x10,0x0,0x0,0x0,0,0,0,0,0,0,0,0,0x88af528,0x880b849,0x880bc9a,0x880c0aa,0x880c479,0x880c4ba,0x880c4fb,0x0
Soldier,0x2ed,Soldier_Desc,0x4e,0x0,0x3f,0,0x8a,0x0,20,3,0,1,0,0,6,5,60,20,20,20,20,20,20,3,85,45,35,25,17,20,30,0,0,0,0,0,0,0x0,0x0,0x0,0x0,0,1,0,0,0,0,0,0,0x88af53c,0x880b849,0x880bc9a,0x880c0aa,0x880c479,0x880c4ba,0x880c4fb,0x0
Necromancer,0x2ef,0x33b,0x4f,0x2d,0x40,0,0x7f,0x2b,18,9,4,5,3,8,7,6,80,30,25,25,30,30,25,3,50,60,35,30,15,40,25,0,0,0,0,0,0,0x0,0x1,0x0,0x8,0,0,0,0,251,0,0,251,0x88af548,0x880ba10,0x880be61,0x880c271,0x880c479,0x880c4ba,0x880c4fb,0x0
Fleet,0x2f0,0x33c,0x50,0x0,0x41,0,0x92,0x0,19,1,1,2,5,0,25,3,60,20,20,20,30,20,25,3,80,40,45,37,20,20,20,0,0,0,0,0,0,0x0,0x0,0x0,0x0,0,0,0,71,0,0,0,0,0x0,0x880b98e,0x880bddf,0x880c1ef,0x880c479,0x880c4ba,0x880c4fb,0x0
Phantom,0x2f1,0x33d,0x51,0x0,0x42,0,0x98,0x1e,1,5,2,4,0,0,11,5,1,20,20,20,0,0,20,3,5,60,40,50,20,20,55,0,0,0,0,0,0,0x0,0x0,0x0,0x0,0,0,71,0,0,0,0,0,0x0,0x880bb96,0x880bfe7,0x880c3f7,0x880c53c,0x880c57d,0x880c5be,0x0
Axe Knight,Aknight_Name,Aknight_Desc,0x52,0x53,0x43,1,0x76,0x0,17,4,1,0,9,0,14,5,60,20,20,20,20,20,20,3,85,45,35,20,33,25,30,0,0,0,0,0,0,0x0,0x0,0x0,0x0,0,0,31,0,0,0,0,0,KnightAnim|IsPointer,0x880b88a,0x880bcdb,0x880c0eb,0x880c479,0x880c4ba,0x880c4fb,0x0
Entombed,0x2f3,0x33f,0x53,0x52,0x44,0,0x9a,0x0,46,3,0,1,0,0,6,5,80,25,22,21,24,22,25,1,90,45,30,22,15,18,55,0,0,0,0,0,0,0x0,0x1,0x4,0x0,0,0,0,0,0,0,0,0,0x88af56c,0x880b849,0x880bc9a,0x880c0aa,0x880c479,0x880c4ba,0x880c4fb,0x0
Sword Knight,Sknight_Name,Sknight_Desc,0x54,0x56,0x45,1,0x76,0x0,16,4,3,1,8,1,10,5,60,20,20,20,20,20,20,3,85,45,35,20,33,25,30,0,0,0,0,0,0,0x0,0x0,0x0,0x0,31,0,0,0,0,0,0,0,KnightAnim|IsPointer,0x880b88a,0x880bcdb,0x880c0eb,0x880c479,0x880c4ba,0x880c4fb,0x0
Bonewalker (Bow),Templar_Name,Templar_Desc,0x55,0x57,0x46,0,0x9b,0x0,23,4,3,2,3,0,6,5,60,20,20,20,20,20,20,3,75,40,45,37,20,20,15,0,0,0,0,0,0,0x0,0x0,0x0,0x0,0,0,0,71,0,0,0,0,0x88af588,0x880b849,0x880bc9a,0x880c0aa,0x880c479,0x880c4ba,0x880c4fb,0x0
Dark Knight,DarkKnight_Name,DarkKnight_Desc,0x56,0x54,0x47,0,0x9c,0x0,27,7,5,6,5,2,9,6,60,24,28,26,22,23,25,3,70,30,30,25,20,27,15,0,0,0,0,0,0,0x0,0x1,0x2,0x0,181,181,0,0,0,0,0,0,0x88af594,0x880b849,0x880bc9a,0x880c0aa,0x880c479,0x880c4ba,0x880c4fb,0x0
Dark Knight (F),DarkKnight_Name,DarkKnight_Desc,0x57,0x55,0x48,0,0x9c,0x0,27,6,6,5,5,2,8,6,60,25,30,28,25,23,20,3,70,35,35,25,20,25,15,0,0,0,0,0,0,0x0,0x1,0x0,0x0,0,0,0,181,0,0,0,0,0x88af5a4,0x880b849,0x880bc9a,0x880c0aa,0x880c479,0x880c4ba,0x880c4fb,0x0
Halberdier,Halberdier_Name,Halberdier_Desc,0x58,0x59,0x49,0,0x9d,0x0,22,6,9,10,8,2,11,6,60,27,27,26,25,23,25,3,75,30,35,30,25,20,35,0,0,0,0,0,0,0x0,0x1,0x0,0x0,0,71,0,0,0,0,0,0,HalberdierAnim|IsPointer,0x880b808,0x880bc59,0x880c069,0x880c479,0x880c4ba,0x880c4fb,0x0
Halberdier (F),Halberdier_Name,Halberdier_Desc,0x59,0x58,0x4a,0,0x9e,0x0,22,6,10,11,6,3,9,6,60,27,27,26,25,23,25,3,75,30,35,30,25,20,35,0,0,0,0,0,0,0x0,0x1,0x0,0x0,0,71,0,0,0,0,0,0,HalberdierFAnim|IsPointer,0x880b808,0x880bc59,0x880c069,0x880c479,0x880c4ba,0x880c4fb,0x0
Cyclops,0x2f8,0x344,0x5a,0x9,0x4b,0,0x9f,0x0,52,8,5,6,13,0,16,5,80,29,29,28,30,25,25,3,100,35,40,30,29,30,15,0,0,0,0,0,0,0x0,0x1,0x0,0x0,0,0,181,0,0,0,0,0,0x88af5c8,0x880b8cb,0x880bd1c,0x880c12c,0x880c479,0x880c4ba,0x880c4fb,0x0
Mauthe Doog,0x2f9,0x345,0x5b,0x5c,0x4c,0,0xa0,0x0,21,4,10,10,2,0,6,7,60,20,20,20,20,20,20,3,75,40,50,50,20,25,35,0,0,0,0,0,0,0x0,0x0,0x4,0x0,0,0,0,0,0,0,0,0,0x88af5e0,0x880bb14,0x880bf65,0x880c375,0x880c479,0x880c4ba,0x880c4fb,0x0
Gwyllgi,0x2fa,0x346,0x5c,0x5b,0x4d,0,0xa1,0x0,27,6,12,12,5,2,8,8,60,24,29,30,22,23,20,3,70,33,40,40,21,27,30,0,0,0,0,0,0,0x0,0x1,0x4,0x0,0,0,0,0,0,0,0,0,0x88af5ec,0x880bb55,0x880bfa6,0x880c3b6,0x880c479,0x880c4ba,0x880c4fb,0x0
Tarvos,0x2fb,0x347,0x5d,0x5e,0x4e,0,0xa2,0x0,27,6,2,5,7,0,10,7,60,20,20,20,20,20,20,3,85,40,45,33,20,20,15,0,0,0,0,0,0,0x0,0x0,0x0,0x0,0,0,71,0,0,0,0,0,0x88af5f8,0x880bb14,0x880bf65,0x880c375,0x880c479,0x880c4ba,0x880c4fb,0x0
Maelduin,0x2fc,0x348,0x5e,0x5d,0x4f,0,0xa3,0x0,33,8,4,7,9,3,12,8,80,25,26,24,25,25,25,3,80,35,35,23,18,25,15,0,0,0,0,0,0,0x0,0x1,0x0,0x0,0,0,181,181,0,0,0,0,0x88af610,0x880bb55,0x880bfa6,0x880c3b6,0x880c479,0x880c4ba,0x880c4fb,0x0
Mogall,0x2fd,0x349,0x5f,0x60,0x50,0,0xa4,0x0,20,2,1,2,2,4,4,5,60,20,20,20,20,20,20,3,55,50,37,35,15,33,35,0,0,0,0,0,0,0x0,0x0,0x4,0x0,0,0,0,0,0,0,0,71,0x88af62c,0x880bb96,0x880bfe7,0x880c3f7,0x880c53c,0x880c57d,0x880c5be,0x0
Arch Mogall,0x2fe,0x34a,0x60,0x5f,0x51,0,0xa5,0x0,22,6,3,3,3,7,5,6,60,29,26,26,20,29,20,3,50,60,35,30,15,33,25,0,0,0,0,0,0,0x0,0x1,0x4,0x0,0,0,0,0,0,0,0,181,0x88af640,0x880bb96,0x880bfe7,0x880c3f7,0x880c53c,0x880c57d,0x880c5be,0x0
Gorgon,0x2ff,0x34b,0x61,0x5f,0x52,0,0xa6,0x0,25,8,3,4,5,7,11,6,60,29,26,26,21,28,25,3,50,65,35,30,15,45,35,0,0,0,0,0,0,0x0,0x1,0x4,0x0,0,0,0,0,0,0,0,181,0x88af654,0x880ba10,0x880be61,0x880c271,0x880c479,0x880c4ba,0x880c4fb,0x0
Gorgon Egg,0x300,0x34c,0x62,0x0,0x53,0,0xa6,0x0,65,0,0,0,10,10,6,0,60,30,30,30,30,30,30,3,105,5,5,5,5,5,5,0,0,0,0,0,0,0x0,0x0,0x0,0x0,0,0,0,0,0,0,0,0,0x0,0x0,0x0,0x0,0x880c479,0x880c4ba,0x880c4fb,0x0
Gargoyle,0x301,0x34d,0x63,0x64,0x54,0,0xa7,0x0,25,6,3,6,6,0,8,6,60,20,20,20,20,20,20,3,85,50,40,40,30,20,15,0,0,0,0,0,0,0x0,0x0,0x0,0x0,0,71,0,0,0,0,0,0,0x88af668,0x880bb96,0x880bfe7,0x880c3f7,0x880c53c,0x880c57d,0x880c5be,0x0
Deathgoyle,0x302,0x34e,0x64,0x63,0x55,0,0xa8,0x0,30,8,5,8,9,1,11,7,60,27,25,23,28,22,25,3,80,45,35,30,25,22,15,0,0,0,0,0,0,0x0,0x1,0x0,0x0,0,181,0,0,0,0,0,0,0x88af674,0x880bb96,0x880bfe7,0x880c3f7,0x880c53c,0x880c57d,0x880c5be,0x0
Dracozombie,0x303,0x34f,0x65,0x1f,0x56,0,0xa9,0x0,69,1,0,1,0,3,25,5,100,50,50,50,50,50,25,3,90,40,25,25,35,15,30,0,0,0,0,0,0,0x0,0x1,0x4,0x0,0,0,0,0,0,0,0,0,0x88af680,0x880bb96,0x880bfe7,0x880c3f7,0x880c53c,0x880c57d,0x880c5be,0x0
Demon King,0x304,0x350,0x66,0x1f,0x57,0,0xaa,0x0,120,23,20,18,25,25,25,2,120,50,50,50,50,50,25,5,100,45,35,25,25,25,30,0,0,0,0,0,0,0x0,0x1,0x4,0x0,0,0,0,0,0,0,0,0,0x88af68c,0x880bbd7,0x880bbd7,0x880bbd7,0x880c479,0x880c4ba,0x880c4fb,0x0
Archer on Ballista,0x0,0x0,0x67,0x0,0x58,0,0x0,0x0,0,0,0,0,0,0,0,0,0,0,0,0,0,0,0,3,5,5,5,5,5,15,5,0,0,0,0,0,0,0x0,0x0,0x0,0x0,0,0,0,0,0,0,0,0,0x0,0x0,0x0,0x0,0x880c479,0x880c4ba,0x880c4fb,0x0
Archer on Iron Ballista,0x0,0x0,0x68,0x0,0x59,0,0x0,0x0,0,0,0,0,0,0,0,0,0,0,0,0,0,0,0,0,5,5,5,5,5,5,5,0,0,0,0,0,0,0x0,0x0,0x0,0x0,0,0,0,0,0,0,0,0,0x0,0x0,0x0,0x0,0x880c479,0x880c4ba,0x880c4fb,0x0
Archer on Killer Ballista,0x0,0x0,0x69,0x0,0x5a,0,0x0,0x0,0,0,0,0,0,0,0,0,0,0,0,0,0,0,0,0,5,5,5,5,5,5,5,0,0,0,0,0,0,0x0,0x0,0x0,0x0,0,0,0,0,0,0,0,0,0x0,0x0,0x0,0x0,0x880c479,0x880c4ba,0x880c4fb,0x0
Ballista,0x0,0x0,0x6a,0x0,0x5b,0,0x0,0x0,0,0,0,0,0,0,0,0,0,0,0,0,0,0,0,0,5,5,5,5,5,5,5,0,0,0,0,0,0,0x0,0x0,0x0,0x0,0,0,0,0,0,0,0,0,0x0,0x0,0x0,0x0,0x880c479,0x880c4ba,0x880c4fb,0x0
Iron Ballista,0x0,0x0,0x6b,0x0,0x5c,0,0x0,0x0,0,0,0,0,0,0,0,0,0,0,0,0,0,0,0,0,5,5,5,5,5,5,5,0,0,0,0,0,0,0x0,0x0,0x0,0x0,0,0,0,0,0,0,0,0,0x0,0x0,0x0,0x0,0x880c479,0x880c4ba,0x880c4fb,0x0
Killer Ballista,0x0,0x0,0x6c,0x0,0x5d,0,0x0,0x0,0,0,0,0,0,0,0,0,0,0,0,0,0,0,0,0,5,5,5,5,5,5,5,0,0,0,0,0,0,0x0,0x0,0x0,0x0,0,0,0,0,0,0,0,0,0x0,0x0,0x0,0x0,0x880c479,0x880c4ba,0x880c4fb,0x0
Civilian,Villager_Name,Villager_Desc,0x6d,0x0,0x5e,1,0x5e,0x0,14,3,0,1,1,0,8,5,60,20,20,20,20,20,20,1,75,40,45,45,20,25,35,0,0,0,0,0,0,0x0,0x0,0x0,0x0,1,0,0,0,0,0,0,0,VillagerMAnim|IsPointer,0x880ba51,0x880bea2,0x880c2b2,0x880c479,0x880c4ba,0x880c4fb,0x0
Civilian (F),Villager_Name,Villager_Desc,0x6e,0x0,0x5f,1,0x63,0x0,13,3,1,2,1,0,5,5,60,20,20,20,20,20,20,1,75,40,45,45,20,25,35,0,0,0,0,0,0,0x0,0x0,0x0,0x0,1,0,0,0,0,0,0,0,VillagerFAnim|IsPointer,0x880ba51,0x880bea2,0x880c2b2,0x880c479,0x880c4ba,0x880c4fb,0x0
Civilian,Villager_Name,Villager_Desc,0x6f,0x0,0x64,1,0x59,0x0,14,3,0,1,1,0,8,5,60,20,20,20,20,20,20,1,75,40,45,45,20,25,35,0,0,0,0,0,0,0x0,0x0,0x0,0x0,1,0,0,0,0,0,0,0,VillagerMAnim|IsPointer,0x880ba51,0x880bea2,0x880c2b2,0x880c479,0x880c4ba,0x880c4fb,0x0
Civilian (F),Villager_Name,Villager_Desc,0x70,0x0,0x65,1,0x62,0x0,13,3,1,2,1,0,5,5,60,20,20,20,20,20,20,1,75,40,45,45,20,25,35,0,0,0,0,0,0,0x0,0x0,0x0,0x0,1,0,0,0,0,0,0,0,VillagerFAnim|IsPointer,0x880ba51,0x880bea2,0x880c2b2,0x880c479,0x880c4ba,0x880c4fb,0x0
Civilian,Villager_Name,Villager_Desc,0x71,0x0,0x60,1,0x5c,0x0,14,3,0,1,1,0,8,5,60,20,20,20,20,20,20,1,75,40,45,45,20,25,35,0,0,0,0,0,0,0x0,0x0,0x0,0x0,1,0,0,0,0,0,0,0,VillagerMAnim|IsPointer,0x880ba51,0x880bea2,0x880c2b2,0x880c479,0x880c4ba,0x880c4fb,0x0
Civilian (F),Villager_Name,Villager_Desc,0x72,0x0,0x61,1,0x61,0x0,13,3,1,2,1,0,5,5,60,20,20,20,20,20,20,1,75,40,45,45,20,25,35,0,0,0,0,0,0,0x0,0x0,0x0,0x0,1,0,0,0,0,0,0,0,VillagerFAnim|IsPointer,0x880ba51,0x880bea2,0x880c2b2,0x880c479,0x880c4ba,0x880c4fb,0x0
Peer,0x0,0x0,0x73,0x0,0x62,1,0x1,0x0,10,0,0,0,0,0,8,5,60,20,20,20,20,20,20,1,15,5,5,5,5,15,5,0,0,0,0,0,0,0x0,0x0,0x0,0x0,0,0,0,0,0,0,0,0,0x0,0x880ba51,0x880bea2,0x880c2b2,0x880c479,0x880c4ba,0x880c4fb,0x0
Queen,0x307,0x353,0x74,0x0,0x63,1,0x1,0x0,10,0,0,0,0,0,5,5,60,20,20,20,20,20,20,1,15,5,5,5,5,15,5,0,0,0,0,0,0,0x0,0x0,0x0,0x0,0,0,0,0,0,0,0,0,0x0,0x880ba51,0x880bea2,0x880c2b2,0x880c479,0x880c4ba,0x880c4fb,0x0
Prince,0x0,0x0,0x75,0x0,0x64,1,0x1,0x0,10,0,0,0,0,0,7,5,60,20,20,20,20,20,20,1,15,5,5,5,5,15,5,0,0,0,0,0,0,0x0,0x0,0x0,0x0,0,0,0,0,0,0,0,0,0x0,0x880ba51,0x880bea2,0x880c2b2,0x880c479,0x880c4ba,0x880c4fb,0x0
Queen,0x307,0x353,0x76,0x0,0x65,1,0x1,0x0,10,0,0,0,0,0,6,5,60,20,20,20,20,20,20,1,15,5,5,5,5,15,5,0,0,0,0,0,0,0x0,0x0,0x0,0x0,0,0,0,0,0,0,0,0,0x0,0x880ba51,0x880bea2,0x880c2b2,0x880c479,0x880c4ba,0x880c4fb,0x0
(empty),0x0,0x0,0x77,0x0,0x66,0,0x0,0x0,0,0,0,0,0,0,0,0,0,0,0,0,0,0,0,0,5,5,5,5,5,5,5,0,0,0,0,0,0,0x0,0x0,0x0,0x0,0,0,0,0,0,0,0,0,0x0,0x0,0x0,0x0,0x880c479,0x880c4ba,0x880c4fb,0x0
Fallen Prince,0x0,0x0,0x78,0x0,0x67,1,0x1,0x0,10,0,0,0,0,0,25,5,60,20,20,20,20,20,20,1,15,5,5,5,5,15,5,0,0,0,0,0,0,0x0,0x0,0x0,0x0,0,0,0,0,0,0,0,0,0x0,0x880ba51,0x880bea2,0x880c2b2,0x880c479,0x880c4ba,0x880c4fb,0x0
Tent,0x0,0x0,0x79,0x0,0x68,1,0x1,0x0,15,0,3,3,3,0,25,0,60,20,20,20,20,20,25,1,15,5,5,5,5,15,5,0,0,0,0,0,0,0x0,0x2,0x10,0x0,0,0,0,0,0,0,0,0,0x0,0x880ba51,0x880bea2,0x880c2b2,0x880c479,0x880c4ba,0x880c4fb,0x0
Pontifex,0x306,0x352,0x7a,0x0,0x69,1,0x1,0x0,10,0,0,0,0,0,8,5,60,20,20,20,20,20,20,1,15,5,5,5,5,15,5,0,0,0,0,0,0,0x0,0x0,0x0,0x0,0,0,0,0,0,0,0,0,0x0,0x880ba51,0x880bea2,0x880c2b2,0x880c479,0x880c4ba,0x880c4fb,0x0
Dead Peer,0x0,0x0,0x7b,0x0,0x6a,1,0x1,0x0,10,0,0,0,0,0,25,5,60,20,20,20,20,20,20,1,15,5,5,5,5,15,5,0,0,0,0,0,0,0x0,0x0,0x0,0x0,0,0,0,0,0,0,0,0,0x0,0x880ba51,0x880bea2,0x880c2b2,0x880c479,0x880c4ba,0x880c4fb,0x0
Cyclops,0x2f8,0x344,0x7c,0x9,0x4b,0,0x9f,0x0,52,8,5,6,13,0,16,5,80,29,29,28,30,25,25,3,100,35,40,30,29,30,15,0,0,0,0,0,0,0x0,0x1,0x0,0x0,0,0,251,0,0,0,0,0,0x88af6a4,0x880b8cb,0x880bd1c,0x880c12c,0x880c479,0x880c4ba,0x880c4fb,0x0
Elder Bael,0x2f7,0x343,0x7d,0x58,0x4a,0,0x9e,0x0,47,8,5,5,9,4,15,6,80,30,28,26,26,22,25,3,90,50,30,25,26,22,15,0,0,0,0,0,0,0x0,0x1,0x4,0x0,0,0,0,0,0,0,0,0,0x88af6bc,0x880b94d,0x880bd9e,0x880c1ae,0x880c479,0x880c4ba,0x880c4fb,0x880c5ff
Journeyman (2),0x2d8,0x324,0x7e,0x38,0x2d,0,0x74,0x27,20,5,3,4,2,1,8,5,60,20,20,20,20,20,20,3,90,60,45,37,23,25,45,2,0,2,0,0,2,0x0,0x0,0x0,0x0,0,0,31,0,0,0,0,0,0x88af6c8,0x880b8cb,0x880bd1c,0x880c12c,0x880c479,0x880c4ba,0x880c4fb,0x0
Pupil (2),0x2d9,0x325,0x7f,0x39,0x2e,0,0x7c,0x29,17,2,3,3,3,3,5,5,60,20,20,20,20,20,20,3,60,60,45,40,15,35,45,2,1,1,0,0,2,0x0,0x0,0x0,0x0,0,0,0,0,0,31,0,0,0x88af6e0,0x880ba10,0x880be61,0x880c271,0x880c479,0x880c4ba,0x880c4fb,0x0
